"measurement_id","nodeName","nodeLabel","nodeTitle","Alt1RefId","Alt2RefId","Alt3RefId","nodeSpecies","NodeDataType","Pipeline"
"IGLL5_proteomics","ENSP00000431254","IGLL5 : B9A064","IGLL5 [ENSP00000431254]","B9A064","ENST00000526893","ENSG00000254709","Protein","proteomics","proteomics"
"MASP2_proteomics","ENSP00000383690","MASP2 : O00187","MASP2 [ENSP00000383690]","O00187","ENST00000400897","ENSG00000009724","Protein","proteomics","proteomics"
"QSOX1_proteomics","ENSP00000356574","QSOX1 : O00391","QSOX1 [ENSP00000356574]","O00391","ENST00000367602","ENSG00000116260","Protein","proteomics","proteomics"
"APOL1_proteomics","ENSP00000317674","APOL1 : O14791","APOL1 [ENSP00000317674]","O14791","ENST00000319136","ENSG00000100342","Protein","proteomics","proteomics"
"CD5L_proteomics","ENSP00000357156","CD5L : O43866","CD5L [ENSP00000357156]","O43866","ENST00000368174","ENSG00000073754","Protein","proteomics","proteomics"
"ICOSLG_proteomics","ENSP00000339477","ICOSLG : O75144","ICOSLG [ENSP00000339477]","O75144","ENST00000344330","ENSG00000160223","Protein","proteomics","proteomics"
"FCN3_proteomics","ENSP00000270879","FCN3 : O75636","FCN3 [ENSP00000270879]","O75636","ENST00000270879","ENSG00000142748","Protein","proteomics","proteomics"
"EIF3J_proteomics","ENSP00000261868","EIF3J : O75822","EIF3J [ENSP00000261868]","O75822","ENST00000261868","ENSG00000104131","Protein","proteomics","proteomics"
"ATRN_proteomics","ENSP00000262919","ATRN : O75882","ATRN [ENSP00000262919]","O75882","ENST00000262919","ENSG00000088812","Protein","proteomics","proteomics"
"ATRN.1_proteomics","ENSP00000262919","ATRN : O75882","ATRN [ENSP00000262919]","O75882","ENST00000262919","ENSG00000088812","Protein","proteomics","proteomics"
"APOM_proteomics","ENSP00000365081","APOM : O95445","APOM [ENSP00000365081]","O95445","ENST00000375916","ENSG00000204444","Protein","proteomics","proteomics"
"CP_proteomics","ENSP00000264613","CP : P00450","CP [ENSP00000264613]","P00450","ENST00000264613","ENSG00000047457","Protein","proteomics","proteomics"
"F13A1_proteomics","ENSP00000264870","F13A1 : P00488","F13A1 [ENSP00000264870]","P00488","ENST00000264870","ENSG00000124491","Protein","proteomics","proteomics"
"F2_proteomics","ENSP00000308541","F2 : P00734","F2 [ENSP00000308541]","P00734","ENST00000311907","ENSG00000180210","Protein","proteomics","proteomics"
"C1R_proteomics",,"C1R : P00736","C1R [ENSP?]","P00736",,"ENSG00000159403","Protein","proteomics","proteomics"
"HP_proteomics","ENSP00000348170","HP : P00738","HP [ENSP00000348170]","P00738","ENST00000355906","ENSG00000257017","Protein","proteomics","proteomics"
"HPR_proteomics","ENSP00000441828","HPR : P00739","HPR [ENSP00000441828]","P00739","ENST00000540303","ENSG00000261701","Protein","proteomics","proteomics"
"F9_proteomics","ENSP00000218099","F9 : P00740","F9 [ENSP00000218099]","P00740","ENST00000218099","ENSG00000101981","Protein","proteomics","proteomics"
"F10_proteomics","ENSP00000364709","F10 : P00742","F10 [ENSP00000364709]","P00742","ENST00000375559","ENSG00000126218","Protein","proteomics","proteomics"
"CFD_proteomics","ENSP00000332139","CFD : P00746","CFD [ENSP00000332139]","P00746","ENST00000327726","ENSG00000197766","Protein","proteomics","proteomics"
"PLG_proteomics","ENSP00000308938","PLG : P00747","PLG [ENSP00000308938]","P00747","ENST00000308192","ENSG00000122194","Protein","proteomics","proteomics"
"F12_proteomics","ENSP00000253496","F12 : P00748","F12 [ENSP00000253496]","P00748","ENST00000253496","ENSG00000131187","Protein","proteomics","proteomics"
"CFB_proteomics","ENSP00000416561","CFB : P00751","CFB [ENSP00000416561]","P00751","ENST00000425368","ENSG00000243649","Protein","proteomics","proteomics"
"CA1_proteomics","ENSP00000430656","CA1 : P00915","CA1 [ENSP00000430656]","P00915","ENST00000523953","ENSG00000133742","Protein","proteomics","proteomics"
"SERPINC1_proteomics","ENSP00000356671","SERPINC1 : P01008","SERPINC1 [ENSP00000356671]","P01008","ENST00000367698","ENSG00000117601","Protein","proteomics","proteomics"
"SERPINA1_proteomics","ENSP00000348068,ENSP00000416066","SERPINA1 : P01009","SERPINA1 [ENSP00000348068],SERPINA1 [ENSP00000416066]","P01009","ENST00000355814,ENST00000448921","ENSG00000197249","Protein","proteomics","proteomics"
"SERPINA3_proteomics","ENSP00000376793,ENSP00000450540","SERPINA3 : P01011","SERPINA3 [ENSP00000376793],SERPINA3 [ENSP00000450540]","P01011","ENST00000393078,ENST00000467132","ENSG00000196136","Protein","proteomics","proteomics"
"AGT_proteomics","ENSP00000355627","AGT : P01019","AGT [ENSP00000355627]","P01019","ENST00000366667","ENSG00000135744","Protein","proteomics","proteomics"
"A2M_P_proteomics","ENSP00000323929","A2M : P01023","A2M [ENSP00000323929]","P01023","ENST00000318602","ENSG00000175899","Protein","proteomics","proteomics"
"C3_proteomics","ENSP00000245907","C3 : P01024","C3 [ENSP00000245907]","P01024","ENST00000245907","ENSG00000125730","Protein","proteomics","proteomics"
"C5_proteomics","ENSP00000223642","C5 : P01031","C5 [ENSP00000223642]","P01031","ENST00000223642","ENSG00000106804","Protein","proteomics","proteomics"
"CST3_proteomics","ENSP00000366124,ENSP00000381448","CST3 : P01034","CST3 [ENSP00000366124],CST3 [ENSP00000381448]","P01034","ENST00000376925,ENST00000398411","ENSG00000101439","Protein","proteomics","proteomics"
"KNG1_proteomics","ENSP00000493985","KNG1 : P01042","KNG1 [ENSP00000493985]","P01042","ENST00000644859","ENSG00000113889","Protein","proteomics","proteomics"
"IGF2_proteomics","ENSP00000391826","IGF2 : P01344","IGF2 [ENSP00000391826]","P01344","ENST00000434045","ENSG00000167244","Protein","proteomics","proteomics"
"JCHAIN_proteomics","ENSP00000254801","JCHAIN : P01591","JCHAIN [ENSP00000254801]","P01591","ENST00000254801","ENSG00000132465","Protein","proteomics","proteomics"
"IGKV1D.33_1_proteomics",,"IGKV1D.33_1 : P01593","IGKV1D.33_1 [ENSP?]","P01593",,,"Protein","proteomics","proteomics"
"IGKV1.33_proteomics",,"IGKV1.33 : P01594","IGKV1.33 [ENSP?]","P01594",,,"Protein","proteomics","proteomics"
"IGKV1D.16_proteomics",,"IGKV1D.16 : P01601","IGKV1D.16 [ENSP?]","P01601",,,"Protein","proteomics","proteomics"
"IGKV1.39_proteomics",,"IGKV1.39 : P01608","IGKV1.39 [ENSP?]","P01608",,,"Protein","proteomics","proteomics"
"IGKV1D.33_2_proteomics",,"IGKV1D.33_2 : P01609","IGKV1D.33_2 [ENSP?]","P01609",,,"Protein","proteomics","proteomics"
"IGKV1D.33_3_proteomics",,"IGKV1D.33_3 : P01613","IGKV1D.33_3 [ENSP?]","P01613",,,"Protein","proteomics","proteomics"
"IGKV3.20_proteomics",,"IGKV3.20 : P01621","IGKV3.20 [ENSP?]","P01621",,,"Protein","proteomics","proteomics"
"IGLV1.44_proteomics",,"IGLV1.44 : P01699","IGLV1.44 [ENSP?]","P01699",,,"Protein","proteomics","proteomics"
"IGLV1.47_proteomics",,"IGLV1.47 : P01700","IGLV1.47 [ENSP?]","P01700",,,"Protein","proteomics","proteomics"
"IGLV1.40_proteomics",,"IGLV1.40 : P01703","IGLV1.40 [ENSP?]","P01703",,,"Protein","proteomics","proteomics"
"IGLV3.19_proteomics",,"IGLV3.19 : P01714","IGLV3.19 [ENSP?]","P01714",,,"Protein","proteomics","proteomics"
"IGLV3.25_proteomics",,"IGLV3.25 : P01717","IGLV3.25 [ENSP?]","P01717",,,"Protein","proteomics","proteomics"
"IGLV3.21_1_proteomics",,"IGLV3.21_1 : P01719","IGLV3.21_1 [ENSP?]","P01719",,,"Protein","proteomics","proteomics"
"IGHV1.46_proteomics",,"IGHV1.46 : P01743","IGHV1.46 [ENSP?]","P01743",,,"Protein","proteomics","proteomics"
"IGHV3.48_proteomics",,"IGHV3.48 : P01763","IGHV3.48 [ENSP?]","P01763",,,"Protein","proteomics","proteomics"
"IGHV3.23_proteomics",,"IGHV3.23 : P01764","IGHV3.23 [ENSP?]","P01764",,,"Protein","proteomics","proteomics"
"IGHV3.13_proteomics",,"IGHV3.13 : P01766","IGHV3.13 [ENSP?]","P01766",,,"Protein","proteomics","proteomics"
"IGHV3.53_proteomics",,"IGHV3.53 : P01767","IGHV3.53 [ENSP?]","P01767",,,"Protein","proteomics","proteomics"
"IGHV3.30_2_proteomics",,"IGHV3.30_2 : P01770","IGHV3.30_2 [ENSP?]","P01770",,,"Protein","proteomics","proteomics"
"IGHV3.33_1_proteomics",,"IGHV3.33_1 : P01771","IGHV3.33_1 [ENSP?]","P01771",,,"Protein","proteomics","proteomics"
"IGHV3.33_2_proteomics",,"IGHV3.33_2 : P01772","IGHV3.33_2 [ENSP?]","P01772",,,"Protein","proteomics","proteomics"
"IGHV3.30_proteomics",,"IGHV3.30 : P01773","IGHV3.30 [ENSP?]","P01773",,,"Protein","proteomics","proteomics"
"IGHV3.7_1_proteomics",,"IGHV3.7_1 : P01780","IGHV3.7_1 [ENSP?]","P01780",,,"Protein","proteomics","proteomics"
"IGHV3.7_2_proteomics",,"IGHV3.7_2 : P01781","IGHV3.7_2 [ENSP?]","P01781",,,"Protein","proteomics","proteomics"
"IGHV4.39_proteomics",,"IGHV4.39 : P01824","IGHV4.39 [ENSP?]","P01824",,,"Protein","proteomics","proteomics"
"PIGR_proteomics","ENSP00000348888","PIGR : P01833","PIGR [ENSP00000348888]","P01833","ENST00000356495","ENSG00000162896","Protein","proteomics","proteomics"
"IGKC_proteomics",,"IGKC : P01834","IGKC [ENSP?]","P01834",,,"Protein","proteomics","proteomics"
"IGHG1_proteomics",,"IGHG1 : P01857","IGHG1 [ENSP?]","P01857",,,"Protein","proteomics","proteomics"
"IGHG2_proteomics",,"IGHG2 : P01859","IGHG2 [ENSP?]","P01859",,,"Protein","proteomics","proteomics"
"IGHG3_proteomics",,"IGHG3 : P01860","IGHG3 [ENSP?]","P01860",,,"Protein","proteomics","proteomics"
"IGHG4_proteomics",,"IGHG4 : P01861","IGHG4 [ENSP?]","P01861",,,"Protein","proteomics","proteomics"
"IGHM_1_proteomics",,"IGHM_1 : P01871","IGHM_1 [ENSP?]","P01871",,,"Protein","proteomics","proteomics"
"IGHA1_proteomics",,"IGHA1 : P01876","IGHA1 [ENSP?]","P01876",,,"Protein","proteomics","proteomics"
"IGHA2_proteomics",,"IGHA2 : P01877","IGHA2 [ENSP?]","P01877",,,"Protein","proteomics","proteomics"
"IGHD_proteomics",,"IGHD : P01880","IGHD [ENSP?]","P01880",,,"Protein","proteomics","proteomics"
"HBD_proteomics","ENSP00000494708","HBD : P02042","HBD [ENSP00000494708]","P02042","ENST00000643122","ENSG00000223609","Protein","proteomics","proteomics"
"APOA1_proteomics","ENSP00000236850","APOA1 : P02647","APOA1 [ENSP00000236850]","P02647","ENST00000236850","ENSG00000118137","Protein","proteomics","proteomics"
"APOE_proteomics","ENSP00000252486","APOE : P02649","APOE [ENSP00000252486]","P02649","ENST00000252486","ENSG00000130203","Protein","proteomics","proteomics"
"APOA2_proteomics","ENSP00000356969","APOA2 : P02652","APOA2 [ENSP00000356969]","P02652","ENST00000367990","ENSG00000158874","Protein","proteomics","proteomics"
"APOC1_proteomics","ENSP00000465356","APOC1 : P02654","APOC1 [ENSP00000465356]","P02654","ENST00000588750","ENSG00000130208","Protein","proteomics","proteomics"
"APOC2_proteomics","ENSP00000466775","APOC2 : P02655","APOC2 [ENSP00000466775]","P02655","ENST00000590360","ENSG00000234906","Protein","proteomics","proteomics"
"APOC3_proteomics","ENSP00000227667","APOC3 : P02656","APOC3 [ENSP00000227667]","P02656","ENST00000227667","ENSG00000110245","Protein","proteomics","proteomics"
"FGA_proteomics","ENSP00000498441","FGA : P02671","FGA [ENSP00000498441]","P02671","ENST00000651975","ENSG00000171560","Protein","proteomics","proteomics"
"FGB_proteomics","ENSP00000306099","FGB : P02675","FGB [ENSP00000306099]","P02675","ENST00000302068","ENSG00000171564","Protein","proteomics","proteomics"
"FGG_proteomics","ENSP00000336829","FGG : P02679","FGG [ENSP00000336829]","P02679","ENST00000336098","ENSG00000171557","Protein","proteomics","proteomics"
"SLC4A1_proteomics","ENSP00000262418","SLC4A1 : P02730","SLC4A1 [ENSP00000262418]","P02730","ENST00000262418","ENSG00000004939","Protein","proteomics","proteomics"
"APCS_proteomics","ENSP00000255040","APCS : P02743","APCS [ENSP00000255040]","P02743","ENST00000255040","ENSG00000132703","Protein","proteomics","proteomics"
"C1QA_proteomics","ENSP00000363773","C1QA : P02745","C1QA [ENSP00000363773]","P02745","ENST00000374642","ENSG00000173372","Protein","proteomics","proteomics"
"C1QB_proteomics",,"C1QB : P02746","C1QB [ENSP?]","P02746",,,"Protein","proteomics","proteomics"
"C1QC_proteomics","ENSP00000363768,ENSP00000363770","C1QC : P02747","C1QC [ENSP00000363768],C1QC [ENSP00000363770]","P02747","ENST00000374637,ENST00000374639","ENSG00000159189","Protein","proteomics","proteomics"
"C9_proteomics","ENSP00000263408","C9 : P02748","C9 [ENSP00000263408]","P02748","ENST00000263408","ENSG00000113600","Protein","proteomics","proteomics"
"APOH_proteomics","ENSP00000205948","APOH : P02749","APOH [ENSP00000205948]","P02749","ENST00000205948","ENSG00000091583","Protein","proteomics","proteomics"
"LRG1_proteomics","ENSP00000302621","LRG1 : P02750","LRG1 [ENSP00000302621]","P02750","ENST00000306390","ENSG00000171236","Protein","proteomics","proteomics"
"FN1_proteomics","ENSP00000346839","FN1 : P02751","FN1 [ENSP00000346839]","P02751","ENST00000354785","ENSG00000115414","Protein","proteomics","proteomics"
"RBP4_proteomics","ENSP00000360519,ENSP00000360522","RBP4 : P02753","RBP4 [ENSP00000360519],RBP4 [ENSP00000360522]","P02753","ENST00000371464,ENST00000371467","ENSG00000138207","Protein","proteomics","proteomics"
"AMBP_proteomics","ENSP00000265132","AMBP : P02760","AMBP [ENSP00000265132]","P02760","ENST00000265132","ENSG00000106927","Protein","proteomics","proteomics"
"ORM1_proteomics","ENSP00000259396","ORM1 : P02763","ORM1 [ENSP00000259396]","P02763","ENST00000259396","ENSG00000229314","Protein","proteomics","proteomics"
"AHSG_proteomics","ENSP00000393887","AHSG : P02765","AHSG [ENSP00000393887]","P02765","ENST00000411641","ENSG00000145192","Protein","proteomics","proteomics"
"TTR_proteomics","ENSP00000237014","TTR : P02766","TTR [ENSP00000237014]","P02766","ENST00000237014","ENSG00000118271","Protein","proteomics","proteomics"
"ALB_proteomics","ENSP00000295897","ALB : P02768","ALB [ENSP00000295897]","P02768","ENST00000295897","ENSG00000163631","Protein","proteomics","proteomics"
"GC_proteomics","ENSP00000421725","GC : P02774","GC [ENSP00000421725]","P02774","ENST00000504199","ENSG00000145321","Protein","proteomics","proteomics"
"PPBP_proteomics","ENSP00000296028","PPBP : P02775","PPBP [ENSP00000296028]","P02775","ENST00000296028","ENSG00000163736","Protein","proteomics","proteomics"
"PF4_proteomics","ENSP00000296029","PF4 : P02776","PF4 [ENSP00000296029]","P02776","ENST00000296029","ENSG00000163737","Protein","proteomics","proteomics"
"TFRC_proteomics","ENSP00000353224,ENSP00000376197","TFRC : P02786","TFRC [ENSP00000353224],TFRC [ENSP00000376197]","P02786","ENST00000360110,ENST00000392396","ENSG00000072274","Protein","proteomics","proteomics"
"TF_proteomics","ENSP00000385834","TF : P02787","TF [ENSP00000385834]","P02787","ENST00000402696","ENSG00000091513","Protein","proteomics","proteomics"
"HPX_proteomics","ENSP00000265983","HPX : P02790","HPX [ENSP00000265983]","P02790","ENST00000265983","ENSG00000110169","Protein","proteomics","proteomics"
"F11_proteomics","ENSP00000384957","F11 : P03951","F11 [ENSP00000384957]","P03951","ENST00000403665","ENSG00000088926","Protein","proteomics","proteomics"
"KLKB1_proteomics","ENSP00000264690","KLKB1 : P03952","KLKB1 [ENSP00000264690]","P03952","ENST00000264690","ENSG00000164344","Protein","proteomics","proteomics"
"C4BPA_proteomics","ENSP00000356037","C4BPA : P04003","C4BPA [ENSP00000356037]","P04003","ENST00000367070","ENSG00000123838","Protein","proteomics","proteomics"
"VTN_proteomics","ENSP00000226218","VTN : P04004","VTN [ENSP00000226218]","P04004","ENST00000226218","ENSG00000109072","Protein","proteomics","proteomics"
"PROC_proteomics","ENSP00000234071","PROC : P04070","PROC [ENSP00000234071]","P04070","ENST00000234071","ENSG00000115718","Protein","proteomics","proteomics"
"APOB_proteomics","ENSP00000233242","APOB : P04114","APOB [ENSP00000233242]","P04114","ENST00000233242","ENSG00000084674","Protein","proteomics","proteomics"
"LCAT_proteomics","ENSP00000264005","LCAT : P04180","LCAT [ENSP00000264005]","P04180","ENST00000264005","ENSG00000213398","Protein","proteomics","proteomics"
"HRG_proteomics","ENSP00000232003","HRG : P04196","HRG [ENSP00000232003]","P04196","ENST00000232003","ENSG00000113905","Protein","proteomics","proteomics"
"IGKV3.15_proteomics",,"IGKV3.15 : P04207","IGKV3.15 [ENSP?]","P04207",,,"Protein","proteomics","proteomics"
"IGLV7.43_proteomics",,"IGLV7.43 : P04211","IGLV7.43 [ENSP?]","P04211",,,"Protein","proteomics","proteomics"
"A1BG_proteomics","ENSP00000263100","A1BG : P04217","A1BG [ENSP00000263100]","P04217","ENST00000263100","ENSG00000121410","Protein","proteomics","proteomics"
"IGHM_2_proteomics",,"IGHM_2 : P04220","IGHM_2 [ENSP?]","P04220",,,"Protein","proteomics","proteomics"
"VWF_P_proteomics","ENSP00000261405","VWF : P04275","VWF [ENSP00000261405]","P04275","ENST00000261405","ENSG00000110799","Protein","proteomics","proteomics"
"SHBG_proteomics","ENSP00000369816","SHBG : P04278","SHBG [ENSP00000369816]","P04278","ENST00000380450","ENSG00000129214","Protein","proteomics","proteomics"
"IGKV3.11_proteomics",,"IGKV3.11 : P04433","IGKV3.11 [ENSP?]","P04433",,,"Protein","proteomics","proteomics"
"IGHV2.70_proteomics",,"IGHV2.70 : P04438","IGHV2.70 [ENSP?]","P04438",,,"Protein","proteomics","proteomics"
"APOD_proteomics","ENSP00000345179","APOD : P05090","APOD [ENSP00000345179]","P05090","ENST00000343267","ENSG00000189058","Protein","proteomics","proteomics"
"SERPINA5_proteomics","ENSP00000333203","SERPINA5 : P05154","SERPINA5 [ENSP00000333203]","P05154","ENST00000329597","ENSG00000188488","Protein","proteomics","proteomics"
"SERPING1_proteomics","ENSP00000278407","SERPING1 : P05155","SERPING1 [ENSP00000278407]","P05155","ENST00000278407","ENSG00000149131","Protein","proteomics","proteomics"
"CFI_proteomics","ENSP00000378130","CFI : P05156","CFI [ENSP00000378130]","P05156","ENST00000394634","ENSG00000205403","Protein","proteomics","proteomics"
"F13B_proteomics","ENSP00000356382","F13B : P05160","F13B [ENSP00000356382]","P05160","ENST00000367412","ENSG00000143278","Protein","proteomics","proteomics"
"CLEC3B_proteomics","ENSP00000296130","CLEC3B : P05452","CLEC3B [ENSP00000296130]","P05452","ENST00000296130","ENSG00000163815","Protein","proteomics","proteomics"
"SERPINA7_proteomics","ENSP00000329374","SERPINA7 : P05543","SERPINA7 [ENSP00000329374]","P05543","ENST00000327674","ENSG00000123561","Protein","proteomics","proteomics"
"SERPIND1_proteomics","ENSP00000215727","SERPIND1 : P05546","SERPIND1 [ENSP00000215727]","P05546","ENST00000215727","ENSG00000099937","Protein","proteomics","proteomics"
"BCHE_proteomics","ENSP00000264381","BCHE : P06276","BCHE [ENSP00000264381]","P06276","ENST00000264381","ENSG00000114200","Protein","proteomics","proteomics"
"IGKV2.30_proteomics",,"IGKV2.30 : P06310","IGKV2.30 [ENSP?]","P06310",,,"Protein","proteomics","proteomics"
"IGLV1.51_proteomics",,"IGLV1.51 : P06316","IGLV1.51 [ENSP?]","P06316",,,"Protein","proteomics","proteomics"
"IGLV6.57_proteomics",,"IGLV6.57 : P06319","IGLV6.57 [ENSP?]","P06319",,,"Protein","proteomics","proteomics"
"IGHV4.34_proteomics",,"IGHV4.34 : P06331","IGHV4.34 [ENSP?]","P06331",,,"Protein","proteomics","proteomics"
"GSN_proteomics","ENSP00000362924","GSN : P06396","GSN [ENSP00000362924]","P06396","ENST00000373818","ENSG00000148180","Protein","proteomics","proteomics"
"C2_proteomics","ENSP00000299367","C2 : P06681","C2 [ENSP00000299367]","P06681","ENST00000299367","ENSG00000166278","Protein","proteomics","proteomics"
"APOA4_proteomics","ENSP00000350425","APOA4 : P06727","APOA4 [ENSP00000350425]","P06727","ENST00000357780","ENSG00000110244","Protein","proteomics","proteomics"
"ENO1_proteomics","ENSP00000234590","ENO1 : P06733","ENO1 [ENSP00000234590]","P06733","ENST00000234590","ENSG00000074800","Protein","proteomics","proteomics"
"LDHB_proteomics","ENSP00000229319","LDHB : P07195","LDHB [ENSP00000229319]","P07195","ENST00000350669","ENSG00000111716","Protein","proteomics","proteomics"
"PROS1_proteomics","ENSP00000377783","PROS1 : P07225","PROS1 [ENSP00000377783]","P07225","ENST00000394236","ENSG00000184500","Protein","proteomics","proteomics"
"C8A_proteomics","ENSP00000354458","C8A : P07357","C8A [ENSP00000354458]","P07357","ENST00000361249","ENSG00000157131","Protein","proteomics","proteomics"
"C8B_proteomics","ENSP00000360281","C8B : P07358","C8B [ENSP00000360281]","P07358","ENST00000371237","ENSG00000021852","Protein","proteomics","proteomics"
"GP1BA_proteomics","ENSP00000329380","GP1BA : P07359","GP1BA [ENSP00000329380]","P07359","ENST00000329125","ENSG00000185245","Protein","proteomics","proteomics"
"C8G_proteomics","ENSP00000360697","C8G : P07360","C8G [ENSP00000360697]","P07360","ENST00000371634","ENSG00000176919","Protein","proteomics","proteomics"
"PFN1_proteomics","ENSP00000225655","PFN1 : P07737","PFN1 [ENSP00000225655]","P07737","ENST00000225655","ENSG00000108518","Protein","proteomics","proteomics"
"THBS1_proteomics","ENSP00000260356","THBS1 : P07996","THBS1 [ENSP00000260356]","P07996","ENST00000260356","ENSG00000137801","Protein","proteomics","proteomics"
"SERPINA6_proteomics","ENSP00000342850","SERPINA6 : P08185","SERPINA6 [ENSP00000342850]","P08185","ENST00000341584","ENSG00000170099","Protein","proteomics","proteomics"
"MGP_proteomics","ENSP00000228938","MGP : P08493","MGP [ENSP00000228938]","P08493","ENST00000228938","ENSG00000111341","Protein","proteomics","proteomics"
"ITGA2B_proteomics","ENSP00000262407","ITGA2B : P08514","ITGA2B [ENSP00000262407]","P08514","ENST00000262407","ENSG00000005961","Protein","proteomics","proteomics"
"LPA_proteomics","ENSP00000321334","LPA : P08519","LPA [ENSP00000321334]","P08519","ENST00000316300","ENSG00000198670","Protein","proteomics","proteomics"
"CD14_proteomics","ENSP00000304236","CD14 : P08571","CD14 [ENSP00000304236]","P08571","ENST00000302014","ENSG00000170458","Protein","proteomics","proteomics"
"CFH_proteomics","ENSP00000356399","CFH : P08603","CFH [ENSP00000356399]","P08603","ENST00000367429","ENSG00000000971","Protein","proteomics","proteomics"
"SERPINF2_proteomics","ENSP00000321853","SERPINF2 : P08697","SERPINF2 [ENSP00000321853]","P08697","ENST00000324015","ENSG00000167711","Protein","proteomics","proteomics"
"F7_proteomics","ENSP00000364731","F7 : P08709","F7 [ENSP00000364731]","P08709","ENST00000375581","ENSG00000057593","Protein","proteomics","proteomics"
"DBH_proteomics","ENSP00000376776","DBH : P09172","DBH [ENSP00000376776]","P09172","ENST00000393056","ENSG00000123454","Protein","proteomics","proteomics"
"C1S_proteomics","ENSP00000328173,ENSP00000385035","C1S : P09871","C1S [ENSP00000328173],C1S [ENSP00000385035]","P09871","ENST00000328916,ENST00000406697","ENSG00000182326","Protein","proteomics","proteomics"
"C4B_proteomics","ENSP00000415941","C4B : P0C0L5","C4B [ENSP00000415941]","P0C0L5","ENST00000435363","ENSG00000224389","Protein","proteomics","proteomics"
"SAA1_proteomics","ENSP00000348918,ENSP00000384906","SAA1 : P0DJI8","SAA1 [ENSP00000348918],SAA1 [ENSP00000384906]","P0DJI8","ENST00000356524,ENST00000405158","ENSG00000173432","Protein","proteomics","proteomics"
"SAA2_proteomics","ENSP00000436126","SAA2 : P0DJI9","SAA2 [ENSP00000436126]","P0DJI9","ENST00000526900","ENSG00000134339","Protein","proteomics","proteomics"
"C7_proteomics","ENSP00000322061","C7 : P10643","C7 [ENSP00000322061]","P10643","ENST00000313164","ENSG00000112936","Protein","proteomics","proteomics"
"CLU_proteomics","ENSP00000315130","CLU : P10909","CLU [ENSP00000315130]","P10909","ENST00000316403","ENSG00000120885","Protein","proteomics","proteomics"
"CLU.1_proteomics","ENSP00000315130","CLU : P10909","CLU [ENSP00000315130]","P10909","ENST00000316403","ENSG00000120885","Protein","proteomics","proteomics"
"MBL2_proteomics","ENSP00000363079","MBL2 : P11226","MBL2 [ENSP00000363079]","P11226","ENST00000373968","ENSG00000165471","Protein","proteomics","proteomics"
"CETP_proteomics","ENSP00000200676","CETP : P11597","CETP [ENSP00000200676]","P11597","ENST00000200676","ENSG00000087237","Protein","proteomics","proteomics"
"F5_proteomics","ENSP00000356771","F5 : P12259","F5 [ENSP00000356771]","P12259","ENST00000367797","ENSG00000198734","Protein","proteomics","proteomics"
"MYH7_proteomics","ENSP00000347507","MYH7 : P12883","MYH7 [ENSP00000347507]","P12883","ENST00000355349","ENSG00000092054","Protein","proteomics","proteomics"
"NCAM1_proteomics","ENSP00000318472","NCAM1 : P13591","NCAM1 [ENSP00000318472]","P13591","ENST00000316851","ENSG00000149294","Protein","proteomics","proteomics"
"C6_proteomics","ENSP00000263413","C6 : P13671","C6 [ENSP00000263413]","P13671","ENST00000263413","ENSG00000039537","Protein","proteomics","proteomics"
"SELL_proteomics","ENSP00000236147,ENSP00000498227","SELL : P14151","SELL [ENSP00000236147],SELL [ENSP00000498227]","P14151","ENST00000236147,ENST00000650983","ENSG00000188404","Protein","proteomics","proteomics"
"CPN1_proteomics","ENSP00000359446","CPN1 : P15169","CPN1 [ENSP00000359446]","P15169","ENST00000370418","ENSG00000120054","Protein","proteomics","proteomics"
"CD44_proteomics","ENSP00000398632","CD44 : P16070","CD44 [ENSP00000398632]","P16070","ENST00000428726","ENSG00000026508","Protein","proteomics","proteomics"
"IGFBP3_proteomics","ENSP00000370473","IGFBP3 : P17936","IGFBP3 [ENSP00000370473]","P17936","ENST00000381083","ENSG00000146674","Protein","proteomics","proteomics"
"LBP_proteomics","ENSP00000217407","LBP : P18428","LBP [ENSP00000217407]","P18428","ENST00000217407","ENSG00000129988","Protein","proteomics","proteomics"
"CD58_proteomics","ENSP00000358501","CD58 : P19256","CD58 [ENSP00000358501]","P19256","ENST00000369489","ENSG00000116815","Protein","proteomics","proteomics"
"VCAM1_proteomics","ENSP00000294728","VCAM1 : P19320","VCAM1 [ENSP00000294728]","P19320","ENST00000294728","ENSG00000162692","Protein","proteomics","proteomics"
"ORM2_proteomics","ENSP00000394936","ORM2 : P19652","ORM2 [ENSP00000394936]","P19652","ENST00000431067","ENSG00000228278","Protein","proteomics","proteomics"
"ITIH2_proteomics","ENSP00000351190","ITIH2 : P19823","ITIH2 [ENSP00000351190]","P19823","ENST00000358415","ENSG00000151655","Protein","proteomics","proteomics"
"ITIH1_proteomics","ENSP00000273283","ITIH1 : P19827","ITIH1 [ENSP00000273283]","P19827","ENST00000273283","ENSG00000055957","Protein","proteomics","proteomics"
"PZP_proteomics","ENSP00000261336","PZP : P20742","PZP [ENSP00000261336]","P20742","ENST00000261336","ENSG00000126838","Protein","proteomics","proteomics"
"C4BPB_proteomics","ENSP00000243611","C4BPB : P20851","C4BPB [ENSP00000243611]","P20851","ENST00000243611","ENSG00000123843","Protein","proteomics","proteomics"
"GPX3_proteomics","ENSP00000373477","GPX3 : P22352","GPX3 [ENSP00000373477]","P22352","ENST00000388825","ENSG00000211445","Protein","proteomics","proteomics"
"CPN2_proteomics","ENSP00000319464","CPN2 : P22792","CPN2 [ENSP00000319464]","P22792","ENST00000323830","ENSG00000178772","Protein","proteomics","proteomics"
"PROZ_proteomics","ENSP00000344458,ENSP00000364697","PROZ : P22891","PROZ [ENSP00000344458],PROZ [ENSP00000364697]","P22891","ENST00000342783,ENST00000375547","ENSG00000126231","Protein","proteomics","proteomics"
"IGHV1.2_proteomics",,"IGHV1.2 : P23083","IGHV1.2 [ENSP?]","P23083",,,"Protein","proteomics","proteomics"
"FBLN1_proteomics","ENSP00000331544","FBLN1 : P23142","FBLN1 [ENSP00000331544]","P23142","ENST00000327858","ENSG00000077942","Protein","proteomics","proteomics"
"AZGP1_proteomics","ENSP00000292401","AZGP1 : P25311","AZGP1 [ENSP00000292401]","P25311","ENST00000292401","ENSG00000160862","Protein","proteomics","proteomics"
"MST1_proteomics",,"MST1 : P26927","MST1 [ENSP?]","P26927",,"ENSG00000173531","Protein","proteomics","proteomics"
"PON1_proteomics","ENSP00000222381","PON1 : P27169","PON1 [ENSP00000222381]","P27169","ENST00000222381","ENSG00000005421","Protein","proteomics","proteomics"
"MAP4_proteomics","ENSP00000353375","MAP4 : P27816","MAP4 [ENSP00000353375]","P27816","ENST00000360240","ENSG00000047849","Protein","proteomics","proteomics"
"CFP_proteomics","ENSP00000247153","CFP : P27918","CFP [ENSP00000247153]","P27918","ENST00000247153","ENSG00000126759","Protein","proteomics","proteomics"
"SERPINA4_proteomics","ENSP00000298841,ENSP00000451172","SERPINA4 : P29622","SERPINA4 [ENSP00000298841],SERPINA4 [ENSP00000451172]","P29622","ENST00000298841,ENST00000555095","ENSG00000100665","Protein","proteomics","proteomics"
"PRDX2_proteomics","ENSP00000301522","PRDX2 : P32119","PRDX2 [ENSP00000301522]","P32119","ENST00000301522","ENSG00000167815","Protein","proteomics","proteomics"
"CDH5_proteomics","ENSP00000344115,ENSP00000497290","CDH5 : P33151","CDH5 [ENSP00000344115],CDH5 [ENSP00000497290]","P33151","ENST00000341529,ENST00000649567","ENSG00000179776","Protein","proteomics","proteomics"
"SAA4_proteomics","ENSP00000278222","SAA4 : P35542","SAA4 [ENSP00000278222]","P35542","ENST00000278222","ENSG00000148965","Protein","proteomics","proteomics"
"IGFALS_proteomics","ENSP00000416683","IGFALS : P35858","IGFALS [ENSP00000416683]","P35858","ENST00000415638","ENSG00000099769","Protein","proteomics","proteomics"
"SERPINF1_proteomics","ENSP00000254722","SERPINF1 : P36955","SERPINF1 [ENSP00000254722]","P36955","ENST00000254722","ENSG00000132386","Protein","proteomics","proteomics"
"CFHR2_proteomics","ENSP00000356385","CFHR2 : P36980","CFHR2 [ENSP00000356385]","P36980","ENST00000367415","ENSG00000080910","Protein","proteomics","proteomics"
"GP5_proteomics","ENSP00000383931","GP5 : P40197","GP5 [ENSP00000383931]","P40197","ENST00000401815","ENSG00000178732","Protein","proteomics","proteomics"
"BTD_proteomics","ENSP00000306477","BTD : P43251","BTD [ENSP00000306477]","P43251","ENST00000303498","ENSG00000169814","Protein","proteomics","proteomics"
"AFM_proteomics","ENSP00000226355","AFM : P43652","AFM [ENSP00000226355]","P43652","ENST00000226355","ENSG00000079557","Protein","proteomics","proteomics"
"TNNT3_proteomics","ENSP00000278317,ENSP00000370975","TNNT3 : P45378","TNNT3 [ENSP00000278317],TNNT3 [ENSP00000370975]","P45378","ENST00000278317,ENST00000381563","ENSG00000130595","Protein","proteomics","proteomics"
"MASP1_proteomics","ENSP00000296280","MASP1 : P48740","MASP1 [ENSP00000296280]","P48740","ENST00000296280","ENSG00000127241","Protein","proteomics","proteomics"
"SELENOP_proteomics","ENSP00000420939,ENSP00000425915","SELENOP : P49908","SELENOP [ENSP00000420939],SELENOP [ENSP00000425915]","P49908","ENST00000514985,ENST00000506577","ENSG00000250722","Protein","proteomics","proteomics"
"CAMP_proteomics",,"CAMP : P49913","CAMP [ENSP?]","P49913",,"ENSG00000164047","Protein","proteomics","proteomics"
"LUM_proteomics","ENSP00000266718","LUM : P51884","LUM [ENSP00000266718]","P51884","ENST00000266718","ENSG00000139329","Protein","proteomics","proteomics"
"CRISP3_proteomics","ENSP00000389026","CRISP3 : P54108","CRISP3 [ENSP00000389026]","P54108","ENST00000433368","ENSG00000096006","Protein","proteomics","proteomics"
"APOC4_proteomics","ENSP00000468236","APOC4 : P55056","APOC4 [ENSP00000468236]","P55056","ENST00000592954","ENSG00000267467","Protein","proteomics","proteomics"
"PLTP_proteomics","ENSP00000361508,ENSP00000417138","PLTP : P55058","PLTP [ENSP00000361508],PLTP [ENSP00000417138]","P55058","ENST00000372431,ENST00000477313","ENSG00000100979","Protein","proteomics","proteomics"
"INHBC_proteomics","ENSP00000308716","INHBC : P55103","INHBC [ENSP00000308716]","P55103","ENST00000309668","ENSG00000175189","Protein","proteomics","proteomics"
"LYZ_proteomics","ENSP00000261267","LYZ : P61626","LYZ [ENSP00000261267]","P61626","ENST00000261267","ENSG00000090382","Protein","proteomics","proteomics"
"B2M_proteomics","ENSP00000497910","B2M : P61769","B2M [ENSP00000497910]","P61769","ENST00000648006","ENSG00000166710","Protein","proteomics","proteomics"
"HBB_proteomics","ENSP00000333994,ENSP00000494175","HBB : P68871","HBB [ENSP00000333994],HBB [ENSP00000494175]","P68871","ENST00000335295,ENST00000647020","ENSG00000244734","Protein","proteomics","proteomics"
"HBA1_proteomics","ENSP00000251595,ENSP00000322421","HBA2 : P69905,HBA1 : P69905","HBA2 [ENSP00000251595],HBA1 [ENSP00000322421]","P69905","ENST00000251595,ENST00000320868","ENSG00000188536,ENSG00000206172","Protein","proteomics","proteomics"
"GPLD1_proteomics","ENSP00000230036","GPLD1 : P80108","GPLD1 [ENSP00000230036]","P80108","ENST00000230036","ENSG00000112293","Protein","proteomics","proteomics"
"LCN2_proteomics","ENSP00000277480,ENSP00000362108","LCN2 : P80188","LCN2 [ENSP00000277480],LCN2 [ENSP00000362108]","P80188","ENST00000277480,ENST00000373017","ENSG00000148346","Protein","proteomics","proteomics"
"IGLV3.21_proteomics",,"IGLV3.21 : P80748","IGLV3.21 [ENSP?]","P80748",,,"Protein","proteomics","proteomics"
"CFHR1_proteomics","ENSP00000314299","CFHR1 : Q03591","CFHR1 [ENSP00000314299]","Q03591","ENST00000320493","ENSG00000244414","Protein","proteomics","proteomics"
"HGFAC_proteomics","ENSP00000372224","HGFAC : Q04756","HGFAC [ENSP00000372224]","Q04756","ENST00000382774","ENSG00000109758","Protein","proteomics","proteomics"
"ITIH3_proteomics","ENSP00000415769","ITIH3 : Q06033","ITIH3 [ENSP00000415769]","Q06033","ENST00000449956","ENSG00000162267","Protein","proteomics","proteomics"
"LGALS3BP_proteomics","ENSP00000262776","LGALS3BP : Q08380","LGALS3BP [ENSP00000262776]","Q08380","ENST00000262776","ENSG00000108679","Protein","proteomics","proteomics"
"EFEMP1_proteomics","ENSP00000347596,ENSP00000378058","EFEMP1 : Q12805","EFEMP1 [ENSP00000347596],EFEMP1 [ENSP00000378058]","Q12805","ENST00000355426,ENST00000394555","ENSG00000115380","Protein","proteomics","proteomics"
"MMRN1_proteomics","ENSP00000378431","MMRN1 : Q13201","MMRN1 [ENSP00000378431]","Q13201","ENST00000394980","ENSG00000138722","Protein","proteomics","proteomics"
"ILK_proteomics","ENSP00000299421,ENSP00000379975","ILK : Q13418","ILK [ENSP00000299421],ILK [ENSP00000379975]","Q13418","ENST00000299421,ENST00000396751","ENSG00000166333","Protein","proteomics","proteomics"
"APOF_proteomics","ENSP00000381250","APOF : Q13790","APOF [ENSP00000381250]","Q13790","ENST00000398189","ENSG00000175336","Protein","proteomics","proteomics"
"MYBPC2_proteomics","ENSP00000350332","MYBPC2 : Q14324","MYBPC2 [ENSP00000350332]","Q14324","ENST00000357701","ENSG00000086967","Protein","proteomics","proteomics"
"HABP2_proteomics","ENSP00000277903","HABP2 : Q14520","HABP2 [ENSP00000277903]","Q14520","ENST00000351270","ENSG00000148702","Protein","proteomics","proteomics"
"ITIH4_proteomics","ENSP00000266041","ITIH4 : Q14624","ITIH4 [ENSP00000266041]","Q14624","ENST00000266041","ENSG00000055955","Protein","proteomics","proteomics"
"KIF14_proteomics","ENSP00000356319","KIF14 : Q15058","KIF14 [ENSP00000356319]","Q15058","ENST00000367350","ENSG00000118193","Protein","proteomics","proteomics"
"PCOLCE_proteomics","ENSP00000223061","PCOLCE : Q15113","PCOLCE [ENSP00000223061]","Q15113","ENST00000223061","ENSG00000106333","Protein","proteomics","proteomics"
"PON3_proteomics","ENSP00000265627","PON3 : Q15166","PON3 [ENSP00000265627]","Q15166","ENST00000265627","ENSG00000105852","Protein","proteomics","proteomics"
"FCN2_proteomics","ENSP00000291744","FCN2 : Q15485","FCN2 [ENSP00000291744]","Q15485","ENST00000291744","ENSG00000160339","Protein","proteomics","proteomics"
"TGFBI_proteomics","ENSP00000416330","TGFBI : Q15582","TGFBI [ENSP00000416330]","Q15582","ENST00000442011","ENSG00000120708","Protein","proteomics","proteomics"
"ADIPOQ_proteomics","ENSP00000320709,ENSP00000389814","ADIPOQ : Q15848","ADIPOQ [ENSP00000320709],ADIPOQ [ENSP00000389814]","Q15848","ENST00000320741,ENST00000444204","ENSG00000181092","Protein","proteomics","proteomics"
"ECM1_proteomics","ENSP00000358045","ECM1 : Q16610","ECM1 [ENSP00000358045]","Q16610","ENST00000369049","ENSG00000143369","Protein","proteomics","proteomics"
"ACTBL2_proteomics","ENSP00000416706","ACTBL2 : Q562R1","ACTBL2 [ENSP00000416706]","Q562R1","ENST00000423391","ENSG00000169067","Protein","proteomics","proteomics"
"FRMPD1_proteomics","ENSP00000366995,ENSP00000444411","FRMPD1 : Q5SYB0","FRMPD1 [ENSP00000366995],FRMPD1 [ENSP00000444411]","Q5SYB0","ENST00000377765,ENST00000539465","ENSG00000070601","Protein","proteomics","proteomics"
"VASN_proteomics","ENSP00000306864","VASN : Q6EMK4","VASN [ENSP00000306864]","Q6EMK4","ENST00000304735","ENSG00000168140","Protein","proteomics","proteomics"
"PI16_proteomics","ENSP00000497550","PI16 : Q6UXB8","PI16 [ENSP00000497550]","Q6UXB8","ENST00000647861","ENSG00000164530","Protein","proteomics","proteomics"
"ADAMTS13_proteomics","ENSP00000360997","ADAMTS13 : Q76LX8","ADAMTS13 [ENSP00000360997]","Q76LX8","ENST00000371929","ENSG00000160323","Protein","proteomics","proteomics"
"NPHP3_proteomics","ENSP00000338766","NPHP3 : Q7Z494","NPHP3 [ENSP00000338766]","Q7Z494","ENST00000337331","ENSG00000113971","Protein","proteomics","proteomics"
"SLFN11_proteomics",,"SLFN11 : Q7Z7L1","SLFN11 [ENSP?]","Q7Z7L1",,,"Protein","proteomics","proteomics"
"CAND1_proteomics","ENSP00000442318","CAND1 : Q86VP6","CAND1 [ENSP00000442318]","Q86VP6","ENST00000545606","ENSG00000111530","Protein","proteomics","proteomics"
"PSTK_proteomics","ENSP00000357882","PSTK : Q8IV42","PSTK [ENSP00000357882]","Q8IV42","ENST00000368887","ENSG00000179988","Protein","proteomics","proteomics"
"RBFA_proteomics","ENSP00000305696","RBFA : Q8N0V3","RBFA [ENSP00000305696]","Q8N0V3","ENST00000306735","ENSG00000101546","Protein","proteomics","proteomics"
"ABCF1_proteomics","ENSP00000313603","ABCF1 : Q8NE71","ABCF1 [ENSP00000313603]","Q8NE71","ENST00000326195","ENSG00000204574","Protein","proteomics","proteomics"
"TTN_proteomics","ENSP00000343764","TTN : Q8WZ42","TTN [ENSP00000343764]","Q8WZ42","ENST00000342992","ENSG00000155657","Protein","proteomics","proteomics"
"CTTNBP2_proteomics","ENSP00000160373","CTTNBP2 : Q8WZ74","CTTNBP2 [ENSP00000160373]","Q8WZ74","ENST00000160373","ENSG00000077063","Protein","proteomics","proteomics"
"CFHR4_proteomics","ENSP00000356386","CFHR4 : Q92496","CFHR4 [ENSP00000356386]","Q92496","ENST00000367416","ENSG00000134365","Protein","proteomics","proteomics"
"RYR2_proteomics","ENSP00000355533","RYR2 : Q92736","RYR2 [ENSP00000355533]","Q92736","ENST00000366574","ENSG00000198626","Protein","proteomics","proteomics"
"CPB2_proteomics","ENSP00000181383","CPB2 : Q96IY4","CPB2 [ENSP00000181383]","Q96IY4","ENST00000181383","ENSG00000080618","Protein","proteomics","proteomics"
"CNDP1_proteomics","ENSP00000351682","CNDP1 : Q96KN2","CNDP1 [ENSP00000351682]","Q96KN2","ENST00000358821","ENSG00000150656","Protein","proteomics","proteomics"
"PGLYRP2_proteomics","ENSP00000345968","PGLYRP2 : Q96PD5","PGLYRP2 [ENSP00000345968]","Q96PD5","ENST00000340880","ENSG00000161031","Protein","proteomics","proteomics"
"SH3GL3_proteomics","ENSP00000320092,ENSP00000391372","SH3GL3 : Q99963","SH3GL3 [ENSP00000320092],SH3GL3 [ENSP00000391372]","Q99963","ENST00000324537,ENST00000427482","ENSG00000140600","Protein","proteomics","proteomics"
"CFHR5_proteomics","ENSP00000256785","CFHR5 : Q9BXR6","CFHR5 [ENSP00000256785]","Q9BXR6","ENST00000256785","ENSG00000134389","Protein","proteomics","proteomics"
"APMAP_proteomics","ENSP00000217456","APMAP : Q9HDC9","APMAP [ENSP00000217456]","Q9HDC9","ENST00000217456","ENSG00000101474","Protein","proteomics","proteomics"
"CRTAC1_proteomics","ENSP00000359629","CRTAC1 : Q9NQ79","CRTAC1 [ENSP00000359629]","Q9NQ79","ENST00000370597","ENSG00000095713","Protein","proteomics","proteomics"
"INPP5E_proteomics","ENSP00000360777","INPP5E : Q9NRR6","INPP5E [ENSP00000360777]","Q9NRR6","ENST00000371712","ENSG00000148384","Protein","proteomics","proteomics"
"C1RL_proteomics","ENSP00000266542","C1RL : Q9NZP8","C1RL [ENSP00000266542]","Q9NZP8","ENST00000266542","ENSG00000139178","Protein","proteomics","proteomics"
"FETUB_proteomics","ENSP00000265029","FETUB : Q9UGM5","FETUB [ENSP00000265029]","Q9UGM5","ENST00000265029","ENSG00000090512","Protein","proteomics","proteomics"
"PCYOX1_proteomics","ENSP00000387654","PCYOX1 : Q9UHG3","PCYOX1 [ENSP00000387654]","Q9UHG3","ENST00000433351","ENSG00000116005","Protein","proteomics","proteomics"
"SERPINA10_proteomics","ENSP00000261994","SERPINA10 : Q9UK55","SERPINA10 [ENSP00000261994]","Q9UK55","ENST00000261994","ENSG00000140093","Protein","proteomics","proteomics"
"ATP11B_proteomics","ENSP00000321195","ATP11B : Q9Y2G3","ATP11B [ENSP00000321195]","Q9Y2G3","ENST00000323116","ENSG00000058063","Protein","proteomics","proteomics"
"LYVE1_proteomics","ENSP00000256178","LYVE1 : Q9Y5Y7","LYVE1 [ENSP00000256178]","Q9Y5Y7","ENST00000256178","ENSG00000133800","Protein","proteomics","proteomics"
"FCGBP_proteomics",,"FCGBP : Q9Y6R7","FCGBP [ENSP?]","Q9Y6R7",,"ENSG00000275395","Protein","proteomics","proteomics"
